Time,Driving_Condition,Current,Voltage,SOC,SOH,Temperature,Battery_Status,Faults,Cell_Imbalance,Weak_Group,Cell_Status,Group_Voltages,RUL_Cycles
0,Idle,1.0,50.36680555555556,99.98842592592592,99.99999884259259,25.000075,NORMAL,None,0.08205000000000062,5,BALANCED,"4.197, 4.197, 4.197, 4.197, 4.115, 4.197, 4.197, 4.197, 4.197, 4.197, 4.197, 4.197",999.9999421296294
5,Idle,1.0,50.363923611111105,99.97685185185185,99.99999768518518,25.00014925,NORMAL,None,0.08205000000000062,5,BALANCED,"4.197, 4.197, 4.197, 4.197, 4.115, 4.197, 4.197, 4.197, 4.197, 4.197, 4.197, 4.197",999.9998842592589
10,Strong Acceleration,25.0,49.5646484375,99.6875,99.99996875,25.0470227575,NORMAL,None,0.13124999999999964,5,CELL IMBALANCE DETECTED,"4.136, 4.135, 4.137, 4.135, 4.006, 4.134, 4.137, 4.135, 4.136, 4.135, 4.137, 4.135",999.9984374999997
15,Strong Acceleration,25.0,49.49311252170139,99.39814814814815,99.99993981481481,25.093427529925,NORMAL,None,0.13124999999999964,5,CELL IMBALANCE DETECTED,"4.134, 4.133, 4.136, 4.134, 4.004, 4.133, 4.135, 4.134, 4.134, 4.133, 4.136, 4.134",999.9969907407404
20,Strong Acceleration,25.0,49.42834845648872,99.1087962962963,99.99991087962962,25.139368254625747,NORMAL,None,0.13124999999999964,5,CELL IMBALANCE DETECTED,"4.133, 4.132, 4.134, 4.132, 4.003, 4.131, 4.134, 4.132, 4.133, 4.132, 4.134, 4.132",999.9955439814812
25,Cruising,10.0,49.86742642720541,98.99305555555556,99.99989930555556,25.14547457207949,NORMAL,None,0.10050000000000026,5,CELL IMBALANCE DETECTED,"4.170, 4.169, 4.170, 4.170, 4.070, 4.169, 4.170, 4.170, 4.170, 4.169, 4.170, 4.170",999.994965277778
30,Cruising,10.0,49.85700159602696,98.87731481481481,99.99988773148148,25.151519826358694,NORMAL,None,0.10050000000000026,5,CELL IMBALANCE DETECTED,"4.169, 4.169, 4.170, 4.169, 4.069, 4.169, 4.170, 4.169, 4.169, 4.169, 4.170, 4.169",999.9943865740739
35,Cruising,10.0,49.84701181319026,98.76157407407406,99.99987615740741,25.157504628095108,NORMAL,None,0.10050000000000026,5,CELL IMBALANCE DETECTED,"4.169, 4.168, 4.169, 4.169, 4.069, 4.168, 4.169, 4.169, 4.169, 4.168, 4.169, 4.169",999.9938078703707
40,Cruising,10.0,49.837402697652585,98.64583333333331,99.99986458333333,25.163429581814157,NORMAL,None,0.10050000000000026,5,CELL IMBALANCE DETECTED,"4.168, 4.168, 4.169, 4.168, 4.068, 4.167, 4.168, 4.168, 4.168, 4.168, 4.169, 4.168",999.9932291666667
45,Cruising,10.0,49.82812666600156,98.53009259259257,99.99985300925925,25.169295285996014,NORMAL,None,0.10050000000000026,5,CELL IMBALANCE DETECTED,"4.168, 4.167, 4.168, 4.167, 4.068, 4.167, 4.168, 4.167, 4.168, 4.167, 4.168, 4.167",999.9926504629627
50,Cruising,10.0,49.81914208275137,98.41435185185182,99.99984143518519,25.175102333136053,NORMAL,None,0.10050000000000026,5,CELL IMBALANCE DETECTED,"4.167, 4.167, 4.168, 4.167, 4.067, 4.166, 4.167, 4.167, 4.167, 4.167, 4.168, 4.167",999.9920717592595
55,Acceleration,18.0,49.54485696129634,98.20601851851849,99.99982060185185,25.19765130980469,NORMAL,None,0.11690000000000023,5,CELL IMBALANCE DETECTED,"4.146, 4.145, 4.147, 4.146, 4.030, 4.145, 4.146, 4.146, 4.146, 4.145, 4.147, 4.146",999.9910300925926
60,Acceleration,18.0,49.51329498002319,97.99768518518516,99.99979976851851,25.219974796706644,NORMAL,None,0.11690000000000023,5,CELL IMBALANCE DETECTED,"4.145, 4.144, 4.146, 4.145, 4.029, 4.144, 4.145, 4.145, 4.145, 4.144, 4.146, 4.145",999.9899884259257
65,Acceleration,18.0,49.484115746409174,97.78935185185183,99.99977893518519,25.24207504873958,NORMAL,None,0.11690000000000023,5,CELL IMBALANCE DETECTED,"4.144, 4.143, 4.145, 4.143, 4.028, 4.143, 4.144, 4.143, 4.144, 4.143, 4.145, 4.143",999.9889467592595
70,Cruising,8.0,49.788965861441355,97.69675925925924,99.99976967592593,25.244454298252183,NORMAL,None,0.09640000000000004,5,BALANCED,"4.168, 4.168, 4.169, 4.168, 4.072, 4.168, 4.169, 4.168, 4.168, 4.168, 4.169, 4.168",999.9884837962966
75,Cruising,8.0,49.79251526765008,97.60416666666664,99.99976041666666,25.246809755269663,NORMAL,None,0.09640000000000004,5,BALANCED,"4.168, 4.168, 4.168, 4.168, 4.072, 4.167, 4.168, 4.168, 4.168, 4.168, 4.168, 4.168",999.988020833333
80,Cruising,8.0,49.79492655363826,97.51157407407405,99.9997511574074,25.249141657716965,NORMAL,None,0.09640000000000004,5,BALANCED,"4.168, 4.167, 4.168, 4.167, 4.072, 4.167, 4.168, 4.167, 4.168, 4.167, 4.168, 4.167",999.9875578703701
85,Cruising,8.0,49.796341984433475,97.41898148148145,99.99974189814814,25.251450241139796,NORMAL,None,0.09640000000000004,5,BALANCED,"4.167, 4.167, 4.167, 4.167, 4.071, 4.166, 4.167, 4.167, 4.167, 4.167, 4.167, 4.167",999.9870949074073
90,Regenerative Braking,-12.0,50.460774930823746,97.55787037037034,99.99972800925926,25.2597357387284,CRITICAL,OVER-VOLTAGE,0.05689999999999973,5,BALANCED,"4.218, 4.218, 4.217, 4.218, 4.162, 4.219, 4.217, 4.218, 4.218, 4.218, 4.217, 4.218",999.9864004629628
95,Regenerative Braking,-12.0,50.51819542558188,97.69675925925922,99.99971412037037,25.267938381341114,CRITICAL,OVER-VOLTAGE,0.05689999999999973,5,BALANCED,"4.218, 4.219, 4.218, 4.219, 4.162, 4.219, 4.218, 4.219, 4.218, 4.219, 4.218, 4.219",999.9857060185185
100,Cruising,5.0,50.00517446960637,97.63888888888886,99.99970833333333,25.267133997527704,NORMAL,None,0.09025000000000016,5,BALANCED,"4.176, 4.175, 4.176, 4.176, 4.086, 4.175, 4.176, 4.176, 4.176, 4.175, 4.176, 4.176",999.9854166666665
105,Cruising,5.0,50.00209710535002,97.58101851851849,99.99970254629629,25.266337657552427,NORMAL,None,0.09025000000000016,5,BALANCED,"4.175, 4.175, 4.176, 4.175, 4.085, 4.175, 4.176, 4.175, 4.175, 4.175, 4.176, 4.175",999.9851273148146
110,Cruising,5.0,49.99897038384793,97.52314814814812,99.99969675925927,25.265549280976902,NORMAL,None,0.09025000000000016,5,BALANCED,"4.175, 4.175, 4.175, 4.175, 4.085, 4.175, 4.175, 4.175, 4.175, 4.175, 4.175, 4.175",999.9848379629633
115,Idle,0.5,50.14517547475584,97.51736111111109,99.99969618055556,25.262912538167132,NORMAL,None,0.08102500000000035,5,BALANCED,"4.186, 4.186, 4.186, 4.186, 4.105, 4.186, 4.186, 4.186, 4.186, 4.186, 4.186, 4.186",999.9848090277779
120,Idle,1.0,50.138339304300246,97.50578703703701,99.99969502314815,25.26035841278546,NORMAL,None,0.08205000000000062,5,BALANCED,"4.185, 4.185, 4.185, 4.185, 4.103, 4.185, 4.185, 4.185, 4.185, 4.185, 4.185, 4.185",999.9847511574075
125,Idle,1.0,50.14539584959605,97.49421296296293,99.99969386574074,25.257829828657606,NORMAL,None,0.08205000000000062,5,BALANCED,"4.185, 4.185, 4.185, 4.185, 4.103, 4.185, 4.185, 4.185, 4.185, 4.185, 4.185, 4.185",999.9846932870369
130,Strong Acceleration,25.0,49.35481685450765,97.20486111111109,99.99966493055555,25.30212653037103,NORMAL,None,0.13124999999999964,5,CELL IMBALANCE DETECTED,"4.124, 4.122, 4.125, 4.123, 3.994, 4.122, 4.124, 4.123, 4.124, 4.122, 4.125, 4.123",999.9832465277776
135,Strong Acceleration,25.0,49.29089009491641,96.91550925925924,99.99963599537037,25.34598026506732,NORMAL,None,0.13124999999999964,5,CELL IMBALANCE DETECTED,"4.122, 4.121, 4.123, 4.121, 3.992, 4.120, 4.123, 4.121, 4.122, 4.121, 4.123, 4.121",999.9817997685184
140,Strong Acceleration,25.0,49.23278404138521,96.62615740740739,99.99960706018518,25.389395462416644,NORMAL,None,0.13124999999999964,5,CELL IMBALANCE DETECTED,"4.121, 4.119, 4.122, 4.120, 3.991, 4.119, 4.121, 4.120, 4.121, 4.119, 4.122, 4.120",999.9803530092591
145,Cruising,10.0,49.67768777232316,96.51041666666664,99.9995954861111,25.393001507792476,NORMAL,None,0.10050000000000026,5,CELL IMBALANCE DETECTED,"4.158, 4.157, 4.158, 4.157, 4.058, 4.157, 4.158, 4.157, 4.158, 4.157, 4.158, 4.157",999.9797743055552
150,Cruising,10.0,49.67236048133833,96.3946759259259,99.99958391203704,25.396571492714553,NORMAL,None,0.10050000000000026,5,CELL IMBALANCE DETECTED,"4.157, 4.156, 4.157, 4.157, 4.057, 4.156, 4.157, 4.157, 4.157, 4.156, 4.157, 4.157",999.979195601852
155,Cruising,10.0,49.66683104617103,96.27893518518515,99.99957233796296,25.40010577778741,NORMAL,None,0.10050000000000026,5,CELL IMBALANCE DETECTED,"4.156, 4.156, 4.157, 4.156, 4.056, 4.156, 4.157, 4.156, 4.156, 4.156, 4.157, 4.156",999.978616898148
160,Cruising,10.0,49.6611247348441,96.1631944444444,99.9995607638889,25.403604720009536,NORMAL,None,0.10050000000000026,5,CELL IMBALANCE DETECTED,"4.156, 4.155, 4.156, 4.156, 4.056, 4.155, 4.156, 4.156, 4.156, 4.155, 4.156, 4.156",999.9780381944447
165,Cruising,10.0,49.65526365687748,96.04745370370365,99.99954918981481,25.40706867280944,NORMAL,None,0.10050000000000026,5,CELL IMBALANCE DETECTED,"4.155, 4.155, 4.156, 4.155, 4.055, 4.154, 4.155, 4.155, 4.155, 4.155, 4.156, 4.155",999.9774594907407
170,Cruising,10.0,49.64926715810112,95.9317129629629,99.99953761574073,25.410497986081346,NORMAL,None,0.10050000000000026,5,CELL IMBALANCE DETECTED,"4.155, 4.154, 4.155, 4.154, 4.055, 4.154, 4.155, 4.154, 4.155, 4.154, 4.155, 4.154",999.9768807870367
175,Acceleration,18.0,49.3775966105607,95.72337962962958,99.99951678240741,25.430693006220533,NORMAL,None,0.11690000000000023,5,CELL IMBALANCE DETECTED,"4.134, 4.133, 4.135, 4.133, 4.018, 4.132, 4.134, 4.133, 4.134, 4.133, 4.135, 4.133",999.9758391203706
180,Acceleration,18.0,49.348322381462836,95.51504629629625,99.99949594907407,25.450686076158327,NORMAL,None,0.11690000000000023,5,CELL IMBALANCE DETECTED,"4.133, 4.132, 4.133, 4.132, 4.017, 4.131, 4.133, 4.132, 4.133, 4.132, 4.133, 4.132",999.9747974537037
185,Acceleration,18.0,49.3211449310022,95.30671296296292,99.99947511574074,25.470479215396743,NORMAL,None,0.11690000000000023,5,CELL IMBALANCE DETECTED,"4.132, 4.131, 4.132, 4.131, 4.016, 4.130, 4.132, 4.131, 4.132, 4.131, 4.132, 4.131",999.9737557870368
190,Cruising,8.0,49.6277466062936,95.21412037037032,99.99946585648148,25.470574423242777,NORMAL,None,0.09640000000000004,5,BALANCED,"4.156, 4.156, 4.156, 4.156, 4.060, 4.155, 4.156, 4.156, 4.156, 4.156, 4.156, 4.156",999.973292824074
195,Cruising,8.0,49.63282862772912,95.12152777777773,99.99945659722222,25.47066867901035,NORMAL,None,0.09640000000000004,5,BALANCED,"4.156, 4.155, 4.156, 4.155, 4.060, 4.155, 4.156, 4.155, 4.156, 4.155, 4.156, 4.155",999.972829861111
200,Cruising,8.0,49.63658095204076,95.02893518518513,99.99944733796296,25.470761992220243,NORMAL,None,0.09640000000000004,5,BALANCED,"4.155, 4.155, 4.156, 4.155, 4.059, 4.155, 4.155, 4.155, 4.155, 4.155, 4.156, 4.155",999.9723668981482
205,Cruising,8.0,49.63916979136899,94.93634259259254,99.9994380787037,25.470854372298042,NORMAL,None,0.09640000000000004,5,BALANCED,"4.155, 4.154, 4.155, 4.154, 4.059, 4.154, 4.155, 4.154, 4.155, 4.154, 4.155, 4.154",999.9719039351852
210,Regenerative Braking,-12.0,50.30462947022565,95.07523148148142,99.99942418981482,25.47694582857506,NORMAL,None,0.05689999999999973,5,BALANCED,"4.205, 4.206, 4.205, 4.206, 4.149, 4.206, 4.205, 4.206, 4.205, 4.206, 4.205, 4.206",999.9712094907409
215,Regenerative Braking,-12.0,50.362948355891895,95.21412037037031,99.99941030092593,25.48297637028931,NORMAL,None,0.05689999999999973,5,BALANCED,"4.206, 4.207, 4.205, 4.206, 4.150, 4.207, 4.206, 4.206, 4.206, 4.207, 4.205, 4.206",999.9705150462966
220,Cruising,5.0,49.85071349196096,95.15624999999994,99.99940451388889,25.48002160658642,NORMAL,None,0.09025000000000016,5,BALANCED,"4.163, 4.163, 4.164, 4.163, 4.073, 4.163, 4.163, 4.163, 4.163, 4.163, 4.164, 4.163",999.9702256944445
225,Cruising,5.0,49.84832395824361,95.09837962962958,99.99939872685185,25.477096390520554,NORMAL,None,0.09025000000000016,5,BALANCED,"4.163, 4.163, 4.163, 4.163, 4.073, 4.163, 4.163, 4.163, 4.163, 4.163, 4.163, 4.163",999.9699363425925
230,Cruising,5.0,49.84579908846317,95.04050925925921,99.99939293981481,25.474200426615347,NORMAL,None,0.09025000000000016,5,BALANCED,"4.163, 4.162, 4.163, 4.163, 4.073, 4.162, 4.163, 4.163, 4.163, 4.162, 4.163, 4.163",999.9696469907406
235,Idle,0.5,49.99253079962749,95.03472222222217,99.9993923611111,25.469477172349194,NORMAL,None,0.08102500000000035,5,BALANCED,"4.174, 4.174, 4.174, 4.174, 4.093, 4.174, 4.174, 4.174, 4.174, 4.174, 4.174, 4.174",999.9696180555553
240,Idle,1.0,49.98615542189628,95.0231481481481,99.99939120370371,25.464857400625704,NORMAL,None,0.08205000000000062,5,BALANCED,"4.173, 4.173, 4.173, 4.173, 4.091, 4.173, 4.173, 4.173, 4.173, 4.173, 4.173, 4.173",999.9695601851854
245,Idle,1.0,49.993615160825904,95.01157407407402,99.9993900462963,25.460283826619445,NORMAL,None,0.08205000000000062,5,BALANCED,"4.173, 4.173, 4.173, 4.173, 4.091, 4.172, 4.173, 4.173, 4.173, 4.173, 4.173, 4.173",999.9695023148149
250,Strong Acceleration,25.0,49.20338896016711,94.72222222222217,99.99936111111111,25.50255598835325,NORMAL,None,0.13124999999999964,5,CELL IMBALANCE DETECTED,"4.111, 4.110, 4.112, 4.110, 3.981, 4.109, 4.112, 4.110, 4.111, 4.110, 4.112, 4.110",999.9680555555557
255,Strong Acceleration,25.0,49.13977089570179,94.43287037037032,99.99933217592593,25.54440542846972,NORMAL,None,0.13124999999999964,5,CELL IMBALANCE DETECTED,"4.110, 4.108, 4.111, 4.109, 3.980, 4.108, 4.110, 4.109, 4.110, 4.108, 4.111, 4.109",999.9666087962964
260,Strong Acceleration,25.0,49.081934950405724,94.14351851851848,99.99930324074074,25.58583637418502,NORMAL,None,0.13124999999999964,5,CELL IMBALANCE DETECTED,"4.108, 4.107, 4.109, 4.108, 3.978, 4.106, 4.109, 4.108, 4.108, 4.107, 4.109, 4.108",999.9651620370372
265,Cruising,10.0,49.52707502604946,94.02777777777773,99.99929166666666,25.58747801044317,NORMAL,None,0.10050000000000026,5,CELL IMBALANCE DETECTED,"4.145, 4.145, 4.146, 4.145, 4.045, 4.144, 4.145, 4.145, 4.145, 4.145, 4.146, 4.145",999.9645833333332
270,Cruising,10.0,49.52195453668216,93.91203703703698,99.9992800925926,25.58910323033874,NORMAL,None,0.10050000000000026,5,CELL IMBALANCE DETECTED,"4.145, 4.144, 4.145, 4.144, 4.045, 4.144, 4.145, 4.144, 4.145, 4.144, 4.145, 4.144",999.9640046296299
275,Cruising,10.0,49.516606052930236,93.79629629629623,99.99926851851852,25.59071219803535,NORMAL,None,0.10050000000000026,5,CELL IMBALANCE DETECTED,"4.144, 4.143, 4.144, 4.144, 4.044, 4.143, 4.144, 4.144, 4.144, 4.143, 4.144, 4.144",999.963425925926
280,Cruising,10.0,49.51105807409172,93.68055555555549,99.99925694444444,25.592305076055,NORMAL,None,0.10050000000000026,5,CELL IMBALANCE DETECTED,"4.143, 4.143, 4.144, 4.143, 4.043, 4.143, 4.144, 4.143, 4.143, 4.143, 4.144, 4.143",999.962847222222
285,Cruising,10.0,49.50533553705249,93.56481481481474,99.99924537037037,25.593882025294448,NORMAL,None,0.10050000000000026,5,CELL IMBALANCE DETECTED,"4.143, 4.142, 4.143, 4.143, 4.043, 4.142, 4.143, 4.143, 4.143, 4.142, 4.143, 4.143",999.9622685185187
290,Cruising,10.0,49.499460261587586,93.44907407407399,99.9992337962963,25.595443205041505,NORMAL,None,0.10050000000000026,5,CELL IMBALANCE DETECTED,"4.142, 4.142, 4.143, 4.142, 4.042, 4.141, 4.142, 4.142, 4.142, 4.142, 4.143, 4.142",999.9616898148147
295,Acceleration,18.0,49.22789578444469,93.24074074074066,99.99921296296296,25.61378877299109,NORMAL,None,0.11690000000000023,5,CELL IMBALANCE DETECTED,"4.121, 4.120, 4.122, 4.121, 4.005, 4.120, 4.122, 4.121, 4.121, 4.120, 4.122, 4.121",999.9606481481478
300,Acceleration,18.0,49.198714366944664,93.03240740740733,99.99919212962963,25.63195088526118,NORMAL,None,0.11690000000000023,5,CELL IMBALANCE DETECTED,"4.120, 4.119, 4.121, 4.120, 4.004, 4.119, 4.121, 4.120, 4.120, 4.119, 4.121, 4.120",999.9596064814817
305,Acceleration,18.0,49.17161812663214,92.824074074074,99.9991712962963,25.649931376408567,NORMAL,None,0.11690000000000023,5,CELL IMBALANCE DETECTED,"4.119, 4.118, 4.120, 4.119, 4.003, 4.118, 4.120, 4.119, 4.119, 4.118, 4.120, 4.119",999.9585648148148
310,Cruising,8.0,49.478290860803114,92.73148148148141,99.99916203703704,25.64823206264448,NORMAL,None,0.09640000000000004,5,BALANCED,"4.144, 4.143, 4.144, 4.143, 4.048, 4.143, 4.144, 4.143, 4.144, 4.143, 4.144, 4.143",999.9581018518519
315,Cruising,8.0,49.48343505875828,92.63888888888881,99.99915277777778,25.64654974201804,NORMAL,None,0.09640000000000004,5,BALANCED,"4.143, 4.143, 4.144, 4.143, 4.047, 4.143, 4.143, 4.143, 4.143, 4.143, 4.144, 4.143",999.957638888889
320,Cruising,8.0,49.4872417875246,92.54629629629622,99.99914351851852,25.644884244597858,NORMAL,None,0.09640000000000004,5,BALANCED,"4.143, 4.142, 4.143, 4.143, 4.047, 4.142, 4.143, 4.143, 4.143, 4.142, 4.143, 4.143",999.9571759259261
325,Cruising,8.0,49.4898782307507,92.45370370370362,99.99913425925926,25.64323540215188,NORMAL,None,0.09640000000000004,5,BALANCED,"4.142, 4.142, 4.143, 4.142, 4.046, 4.142, 4.142, 4.142, 4.142, 4.142, 4.143, 4.142",999.9567129629633
330,Regenerative Braking,-12.0,50.15537956301797,92.59259259259251,99.99912037037036,25.64760304813036,NORMAL,None,0.05689999999999973,5,BALANCED,"4.193, 4.194, 4.192, 4.193, 4.137, 4.194, 4.193, 4.193, 4.193, 4.194, 4.192, 4.193",999.9560185185181
335,Regenerative Braking,-12.0,50.213734895418504,92.7314814814814,99.99910648148148,25.651927017649058,NORMAL,None,0.05689999999999973,5,BALANCED,"4.194, 4.194, 4.193, 4.194, 4.138, 4.195, 4.193, 4.194, 4.194, 4.194, 4.193, 4.194",999.9553240740738
340,Cruising,5.0,49.70153192238009,92.67361111111103,99.99910069444445,25.647282747472566,NORMAL,None,0.09025000000000016,5,BALANCED,"4.151, 4.151, 4.151, 4.151, 4.061, 4.150, 4.151, 4.151, 4.151, 4.151, 4.151, 4.151",999.9550347222225
345,Cruising,5.0,49.69917029319368,92.61574074074066,99.99909490740741,25.64268491999784,NORMAL,None,0.09025000000000016,5,BALANCED,"4.151, 4.150, 4.151, 4.150, 4.061, 4.150, 4.151, 4.150, 4.151, 4.150, 4.151, 4.150",999.9547453703706
350,Cruising,5.0,49.6966698398778,92.5578703703703,99.99908912037037,25.638133070797863,NORMAL,None,0.09025000000000016,5,BALANCED,"4.150, 4.150, 4.151, 4.150, 4.060, 4.150, 4.150, 4.150, 4.150, 4.150, 4.151, 4.150",999.9544560185185
355,Idle,0.5,49.843422915448635,92.55208333333326,99.99908854166667,25.631770490089885,NORMAL,None,0.08102500000000035,5,BALANCED,"4.162, 4.161, 4.162, 4.161, 4.081, 4.161, 4.162, 4.161, 4.162, 4.161, 4.162, 4.161",999.9544270833333
360,Idle,1.0,49.83706623157311,92.54050925925918,99.99908738425925,25.625527785188986,NORMAL,None,0.08205000000000062,5,BALANCED,"4.160, 4.160, 4.160, 4.160, 4.078, 4.160, 4.160, 4.160, 4.160, 4.160, 4.160, 4.160",999.9543692129628
365,Idle,1.0,49.84454232762648,92.5289351851851,99.99908622685186,25.619347507337096,NORMAL,None,0.08205000000000062,5,BALANCED,"4.160, 4.160, 4.160, 4.160, 4.078, 4.160, 4.160, 4.160, 4.160, 4.160, 4.160, 4.160",999.9543113425929
370,Strong Acceleration,25.0,49.05433043945094,92.23958333333326,99.99905729166667,25.660029032263726,NORMAL,None,0.13124999999999964,5,CELL IMBALANCE DETECTED,"4.099, 4.097, 4.100, 4.098, 3.969, 4.097, 4.099, 4.098, 4.099, 4.097, 4.100, 4.098",999.9528645833336
375,Strong Acceleration,25.0,48.99072489840846,91.95023148148141,99.99902835648147,25.700303741941088,NORMAL,None,0.13124999999999964,5,CELL IMBALANCE DETECTED,"4.097, 4.096, 4.099, 4.097, 3.967, 4.095, 4.098, 4.097, 4.097, 4.096, 4.099, 4.097",999.9514178240737
380,Strong Acceleration,25.0,48.932899911107405,91.66087962962956,99.99899942129629,25.740175704521675,NORMAL,None,0.13124999999999964,5,CELL IMBALANCE DETECTED,"4.096, 4.095, 4.097, 4.095, 3.966, 4.094, 4.096, 4.095, 4.096, 4.095, 4.097, 4.095",999.9499710648145
385,Cruising,10.0,49.37804957499676,91.54513888888881,99.99898784722222,25.74027394747646,NORMAL,None,0.10050000000000026,5,CELL IMBALANCE DETECTED,"4.133, 4.132, 4.133, 4.132, 4.033, 4.132, 4.133, 4.132, 4.133, 4.132, 4.133, 4.132",999.9493923611112
390,Cruising,10.0,49.372937475344386,91.42939814814807,99.99897627314814,25.740371208001697,NORMAL,None,0.10050000000000026,5,CELL IMBALANCE DETECTED,"4.132, 4.132, 4.133, 4.132, 4.032, 4.131, 4.132, 4.132, 4.132, 4.132, 4.133, 4.132",999.9488136574072
395,Cruising,10.0,49.36759633259301,91.31365740740732,99.99896469907408,25.74046749592168,NORMAL,None,0.10050000000000026,5,CELL IMBALANCE DETECTED,"4.132, 4.131, 4.132, 4.131, 4.032, 4.131, 4.132, 4.131, 4.132, 4.131, 4.132, 4.131",999.948234953704
400,Cruising,10.0,49.36205477712999,91.19791666666657,99.998953125,25.740562820962463,NORMAL,None,0.10050000000000026,5,CELL IMBALANCE DETECTED,"4.131, 4.130, 4.131, 4.131, 4.031, 4.130, 4.131, 4.131, 4.131, 4.130, 4.131, 4.131",999.94765625
405,Cruising,10.0,49.35633786054429,91.08217592592582,99.99894155092592,25.74065719275284,NORMAL,None,0.10050000000000026,5,CELL IMBALANCE DETECTED,"4.130, 4.130, 4.131, 4.130, 4.030, 4.130, 4.131, 4.130, 4.130, 4.130, 4.131, 4.130",999.947077546296
410,Cruising,10.0,49.350467502976265,90.96643518518508,99.99892997685185,25.74075062082531,NORMAL,None,0.10050000000000026,5,CELL IMBALANCE DETECTED,"4.130, 4.129, 4.130, 4.130, 4.030, 4.129, 4.130, 4.130, 4.130, 4.129, 4.130, 4.130",999.9464988425927
415,Acceleration,18.0,49.07890732899312,90.75810185185175,99.99890914351852,25.757643114617057,NORMAL,None,0.11690000000000023,5,CELL IMBALANCE DETECTED,"4.109, 4.108, 4.110, 4.108, 3.993, 4.107, 4.109, 4.108, 4.109, 4.108, 4.110, 4.108",999.9454571759259
420,Acceleration,18.0,49.049729676757856,90.54976851851842,99.99888831018518,25.774366683470888,NORMAL,None,0.11690000000000023,5,CELL IMBALANCE DETECTED,"4.108, 4.107, 4.109, 4.107, 3.992, 4.106, 4.108, 4.107, 4.108, 4.107, 4.109, 4.107",999.944415509259
425,Acceleration,18.0,49.02263673105202,90.34143518518509,99.99886747685186,25.790923016636178,NORMAL,None,0.11690000000000023,5,CELL IMBALANCE DETECTED,"4.107, 4.106, 4.108, 4.106, 3.991, 4.105, 4.107, 4.106, 4.107, 4.106, 4.108, 4.106",999.9433738425928
430,Cruising,8.0,49.329312348003846,90.2488425925925,99.9988582175926,25.787813786469815,NORMAL,None,0.09640000000000004,5,BALANCED,"4.131, 4.131, 4.132, 4.131, 4.035, 4.131, 4.131, 4.131, 4.131, 4.131, 4.132, 4.131",999.94291087963
435,Cruising,8.0,49.33445906839225,90.1562499999999,99.99884895833334,25.784735648605118,NORMAL,None,0.09640000000000004,5,BALANCED,"4.131, 4.130, 4.131, 4.131, 4.035, 4.130, 4.131, 4.131, 4.131, 4.130, 4.131, 4.131",999.942447916667
440,Cruising,8.0,49.33826800428767,90.0636574074073,99.99883969907407,25.781688292119068,NORMAL,None,0.09640000000000004,5,BALANCED,"4.130, 4.130, 4.131, 4.130, 4.034, 4.130, 4.131, 4.130, 4.130, 4.130, 4.131, 4.130",999.9419849537034
445,Cruising,8.0,49.33917026764059,89.97106481481471,99.99883043981481,25.778671409197877,NORMAL,None,0.09640000000000004,5,BALANCED,"4.130, 4.129, 4.130, 4.130, 4.034, 4.129, 4.130, 4.130, 4.130, 4.129, 4.130, 4.130",999.9415219907405
450,Regenerative Braking,-12.0,50.006409400852185,90.1099537037036,99.99881655092592,25.7816846951059,NORMAL,None,0.05689999999999973,5,BALANCED,"4.181, 4.181, 4.180, 4.181, 4.125, 4.181, 4.180, 4.181, 4.181, 4.181, 4.180, 4.181",999.9408275462962
455,Regenerative Braking,-12.0,50.06476621185678,90.24884259259248,99.99880266203704,25.78466784815484,NORMAL,None,0.05689999999999973,5,BALANCED,"4.181, 4.182, 4.181, 4.182, 4.125, 4.182, 4.181, 4.182, 4.181, 4.182, 4.181, 4.182",999.9401331018518
460,Cruising,5.0,49.552564532596904,90.19097222222211,99.998796875,25.778696169673292,NORMAL,None,0.09025000000000016,5,BALANCED,"4.138, 4.138, 4.139, 4.138, 4.048, 4.138, 4.139, 4.138, 4.138, 4.138, 4.139, 4.138",999.9398437499998
465,Cruising,5.0,49.550204035466734,90.13310185185175,99.99879108796296,25.77278420797656,NORMAL,None,0.09025000000000016,5,BALANCED,"4.138, 4.138, 4.138, 4.138, 4.048, 4.138, 4.138, 4.138, 4.138, 4.138, 4.138, 4.138",999.9395543981478
470,Cruising,5.0,49.54770457270006,90.07523148148138,99.99878530092593,25.766931365896795,NORMAL,None,0.09025000000000016,5,BALANCED,"4.138, 4.138, 4.138, 4.138, 4.048, 4.138, 4.138, 4.138, 4.138, 4.138, 4.138, 4.138",999.9392650462966
475,Idle,0.5,49.694458515001436,90.06944444444434,99.99878472222223,25.75928080223783,NORMAL,None,0.08102500000000035,5,BALANCED,"4.149, 4.149, 4.149, 4.149, 4.068, 4.149, 4.149, 4.149, 4.149, 4.149, 4.149, 4.149",999.9392361111113
480,Idle,1.0,49.68810258951515,90.05787037037027,99.99878356481481,25.75176299421545,NORMAL,None,0.08205000000000062,5,BALANCED,"4.148, 4.148, 4.148, 4.148, 4.066, 4.148, 4.148, 4.148, 4.148, 4.148, 4.148, 4.148",999.9391782407407
485,Idle,1.0,49.69557934915909,90.04629629629619,99.9987824074074,25.744320364273296,NORMAL,None,0.08205000000000062,5,BALANCED,"4.148, 4.148, 4.148, 4.148, 4.066, 4.148, 4.148, 4.148, 4.148, 4.148, 4.148, 4.148",999.9391203703702
490,Strong Acceleration,25.0,48.890784708291974,89.75694444444434,99.99875347222222,25.783752160630563,NORMAL,None,0.13124999999999964,5,CELL IMBALANCE DETECTED,"4.085, 4.084, 4.086, 4.084, 3.955, 4.083, 4.086, 4.084, 4.085, 4.084, 4.086, 4.084",999.937673611111
495,Strong Acceleration,25.0,48.80981856419992,89.4675925925925,99.99872453703703,25.822789639024258,NORMAL,None,0.13124999999999964,5,CELL IMBALANCE DETECTED,"4.082, 4.081, 4.083, 4.082, 3.952, 4.080, 4.083, 4.082, 4.082, 4.081, 4.083, 4.082",999.9362268518518
500,Strong Acceleration,25.0,48.734632910341595,89.17824074074065,99.99869560185185,25.861436742634016,NORMAL,None,0.13124999999999964,5,CELL IMBALANCE DETECTED,"4.079, 4.078, 4.081, 4.079, 3.949, 4.077, 4.080, 4.079, 4.079, 4.078, 4.081, 4.079",999.9347800925925
505,Cruising,10.0,49.172838518771115,89.0624999999999,99.99868402777778,25.860322375207677,NORMAL,None,0.10050000000000026,5,CELL IMBALANCE DETECTED,"4.116, 4.115, 4.116, 4.115, 4.016, 4.115, 4.116, 4.115, 4.116, 4.115, 4.116, 4.115",999.9342013888892
510,Cruising,10.0,49.16078231503584,88.94675925925915,99.9986724537037,25.8592191514556,NORMAL,None,0.10050000000000026,5,CELL IMBALANCE DETECTED,"4.114, 4.114, 4.115, 4.114, 4.014, 4.114, 4.115, 4.114, 4.114, 4.114, 4.115, 4.114",999.9336226851852
515,Cruising,10.0,49.14849702565636,88.8310185185184,99.99866087962963,25.858126959941046,NORMAL,None,0.10050000000000026,5,CELL IMBALANCE DETECTED,"4.113, 4.113, 4.114, 4.113, 4.013, 4.113, 4.114, 4.113, 4.113, 4.113, 4.114, 4.113",999.9330439814812
520,Cruising,10.0,49.1360112863382,88.71527777777766,99.99864930555556,25.857045690341636,NORMAL,None,0.10050000000000026,5,CELL IMBALANCE DETECTED,"4.112, 4.112, 4.113, 4.112, 4.012, 4.111, 4.112, 4.112, 4.112, 4.112, 4.113, 4.112",999.932465277778
525,Cruising,10.0,49.1233501533237,88.59953703703691,99.99863773148148,25.85597523343822,NORMAL,None,0.10050000000000026,5,CELL IMBALANCE DETECTED,"4.111, 4.110, 4.111, 4.111, 4.011, 4.110, 4.111, 4.111, 4.111, 4.110, 4.111, 4.111",999.931886574074
530,Cruising,10.0,49.110535550824906,88.48379629629616,99.9986261574074,25.854915481103838,NORMAL,None,0.10050000000000026,5,CELL IMBALANCE DETECTED,"4.110, 4.109, 4.110, 4.110, 4.010, 4.109, 4.110, 4.110, 4.110, 4.109, 4.110, 4.110",999.93130787037
535,Acceleration,18.0,48.82647555141623,88.27546296296283,99.99860532407408,25.8706663262928,NORMAL,None,0.11690000000000023,5,CELL IMBALANCE DETECTED,"4.088, 4.087, 4.089, 4.087, 3.972, 4.086, 4.088, 4.087, 4.088, 4.087, 4.089, 4.087",999.9302662037038
540,Acceleration,18.0,48.78479805193365,88.0671296296295,99.99858449074074,25.886259663029872,NORMAL,None,0.11690000000000023,5,CELL IMBALANCE DETECTED,"4.086, 4.085, 4.087, 4.085, 3.970, 4.084, 4.086, 4.085, 4.086, 4.085, 4.087, 4.085",999.9292245370369
545,Acceleration,18.0,48.74520523988639,87.85879629629618,99.9985636574074,25.901697066399574,NORMAL,None,0.11690000000000023,5,CELL IMBALANCE DETECTED,"4.084, 4.083, 4.084, 4.083, 3.968, 4.082, 4.084, 4.083, 4.084, 4.083, 4.084, 4.083",999.92818287037
550,Cruising,8.0,49.04632541823392,87.76620370370358,99.99855439814814,25.897480095735578,NORMAL,None,0.09640000000000004,5,BALANCED,"4.108, 4.107, 4.108, 4.107, 4.012, 4.107, 4.108, 4.107, 4.108, 4.107, 4.108, 4.107",999.9277199074072
555,Cruising,8.0,49.04591668539911,87.67361111111099,99.99854513888889,25.893305294778223,NORMAL,None,0.09640000000000004,5,BALANCED,"4.107, 4.106, 4.107, 4.107, 4.011, 4.106, 4.107, 4.107, 4.107, 4.106, 4.107, 4.107",999.9272569444443
560,Cruising,8.0,49.04417015527978,87.58101851851839,99.99853587962963,25.88917224183044,NORMAL,None,0.09640000000000004,5,BALANCED,"4.106, 4.105, 4.106, 4.106, 4.010, 4.105, 4.106, 4.106, 4.106, 4.105, 4.106, 4.106",999.9267939814814
565,Cruising,8.0,49.041253052536476,87.4884259259258,99.99852662037037,25.885080519412135,NORMAL,None,0.09640000000000004,5,BALANCED,"4.105, 4.104, 4.105, 4.105, 4.009, 4.104, 4.105, 4.105, 4.105, 4.104, 4.105, 4.105",999.9263310185185
570,Regenerative Braking,-12.0,49.71508947652497,87.62731481481468,99.99851273148148,25.887029714218013,NORMAL,None,0.05689999999999973,5,BALANCED,"4.156, 4.157, 4.156, 4.157, 4.100, 4.157, 4.156, 4.157, 4.156, 4.157, 4.156, 4.157",999.9256365740741
575,Regenerative Braking,-12.0,49.78177968084823,87.76620370370357,99.9984988425926,25.88895941707583,NORMAL,None,0.05689999999999973,5,BALANCED,"4.158, 4.158, 4.157, 4.158, 4.102, 4.159, 4.157, 4.158, 4.158, 4.158, 4.157, 4.158",999.9249421296298
580,Cruising,5.0,49.266105831853324,87.7083333333332,99.99849305555556,25.881944822905073,NORMAL,None,0.09025000000000016,5,BALANCED,"4.115, 4.114, 4.115, 4.114, 4.025, 4.114, 4.115, 4.114, 4.115, 4.114, 4.115, 4.114",999.9246527777779
585,Cruising,5.0,49.2602731584272,87.65046296296283,99.99848726851852,25.875000374676024,NORMAL,None,0.09025000000000016,5,BALANCED,"4.114, 4.114, 4.114, 4.114, 4.024, 4.114, 4.114, 4.114, 4.114, 4.114, 4.114, 4.114",999.9243634259258
590,Cruising,5.0,49.25430151362381,87.59259259259247,99.99848148148148,25.868125370929263,NORMAL,None,0.09025000000000016,5,BALANCED,"4.113, 4.113, 4.114, 4.113, 4.023, 4.113, 4.114, 4.113, 4.113, 4.113, 4.114, 4.113",999.9240740740738
595,Idle,0.5,49.40070826886527,87.58680555555543,99.99848090277777,25.85946286721997,NORMAL,None,0.08102500000000035,5,BALANCED,"4.125, 4.125, 4.125, 4.125, 4.044, 4.125, 4.125, 4.125, 4.125, 4.125, 4.125, 4.125",999.9240451388886
600,Idle,1.0,49.39365792970155,87.57523148148135,99.99847974537037,25.85094323854777,NORMAL,None,0.08205000000000062,5,BALANCED,"4.123, 4.123, 4.123, 4.123, 4.041, 4.123, 4.123, 4.123, 4.123, 4.123, 4.123, 4.123",999.9239872685188
